# r_mm,z_mm_above_label_bottom (packshot side edges, inverted through the fitted camera)
24.983,105.921
25.407,105.921
25.046,105.796
25.479,105.796
25.079,105.671
25.534,105.672
25.104,105.546
25.587,105.547
25.142,105.422
25.614,105.422
25.165,105.297
25.633,105.298
25.175,105.173
25.648,105.173
25.185,105.048
25.664,105.049
25.188,104.923
25.671,104.923
25.188,104.798
25.670,104.798
25.181,104.673
25.667,104.673
25.174,104.548
25.672,104.548
25.103,104.422
25.615,104.423
24.859,104.297
25.473,104.298
24.559,104.172
25.310,104.173
24.434,104.047
25.107,104.048
24.417,103.922
24.950,103.923
24.410,103.797
24.914,103.797
24.411,103.672
24.917,103.672
24.412,103.547
24.915,103.547
24.412,103.422
24.914,103.422
24.411,103.297
24.913,103.297
24.410,103.171
24.909,103.172
24.411,103.046
24.905,103.047
24.411,102.920
24.902,102.921
24.409,102.795
24.899,102.795
24.410,102.669
24.898,102.670
24.411,102.544
24.897,102.544
24.411,102.418
24.896,102.419
24.413,102.293
24.897,102.294
24.414,102.168
24.898,102.169
24.415,102.043
24.897,102.043
24.416,101.918
24.895,101.918
24.417,101.793
24.894,101.793
24.417,101.667
24.895,101.668
24.419,101.542
24.893,101.543
24.420,101.417
24.892,101.418
24.420,101.292
24.893,101.292
24.420,101.167
24.893,101.167
24.420,101.042
24.894,101.042
24.421,100.916
24.894,100.917
24.422,100.791
24.895,100.792
24.423,100.666
24.897,100.667
24.424,100.541
24.898,100.541
24.424,100.416
24.900,100.416
24.424,100.290
24.901,100.291
24.427,100.165
24.904,100.166
24.428,100.040
24.903,100.041
24.428,99.915
24.903,99.915
24.428,99.789
24.900,99.790
24.429,99.664
24.900,99.665
24.429,99.539
24.901,99.540
24.429,99.414
24.901,99.414
24.429,99.289
24.901,99.289
24.429,99.163
24.901,99.164
24.431,99.038
24.902,99.039
24.432,98.913
24.902,98.913
24.431,98.788
24.904,98.788
24.433,98.662
24.904,98.663
24.435,98.537
24.905,98.538
24.435,98.412
24.906,98.412
24.435,98.286
24.905,98.287
24.435,98.161
24.904,98.162
24.435,98.036
24.904,98.037
24.436,97.911
24.903,97.911
24.436,97.785
24.904,97.786
24.435,97.659
24.902,97.660
24.436,97.534
24.901,97.534
24.436,97.408
24.902,97.409
24.436,97.283
24.901,97.283
24.438,97.158
24.900,97.158
24.439,97.033
24.901,97.034
24.439,96.908
24.900,96.909
24.438,96.782
24.900,96.783
24.439,96.656
24.900,96.657
24.440,96.531
24.900,96.531
24.440,96.405
24.901,96.406
24.440,96.280
24.900,96.281
24.440,96.155
24.898,96.156
24.440,96.031
24.899,96.032
24.438,95.905
24.899,95.905
24.438,95.779
24.900,95.779
24.440,95.653
24.899,95.654
24.441,95.528
24.898,95.528
24.441,95.403
24.896,95.403
24.441,95.278
24.897,95.279
24.441,95.153
24.897,95.154
24.442,95.028
24.897,95.029
24.443,94.902
24.898,94.903
24.444,94.777
24.897,94.778
24.444,94.652
24.897,94.652
24.444,94.526
24.898,94.527
24.444,94.401
24.900,94.402
24.445,94.275
24.900,94.276
24.445,94.150
24.900,94.151
24.445,94.025
24.900,94.025
24.446,93.899
24.900,93.900
24.445,93.774
24.900,93.775
24.445,93.648
24.898,93.649
24.444,93.523
24.899,93.524
24.445,93.397
24.901,93.398
24.444,93.272
24.901,93.273
24.444,93.147
24.901,93.147
24.446,93.021
24.901,93.022
24.446,92.896
24.902,92.896
24.447,92.770
24.904,92.771
24.447,92.645
24.904,92.646
24.448,92.519
24.905,92.520
24.452,92.394
24.906,92.395
24.452,92.268
24.907,92.269
24.452,92.143
24.907,92.144
24.453,92.017
24.909,92.018
24.454,91.892
24.904,91.893
24.453,91.766
24.903,91.767
24.454,91.641
24.904,91.642
24.455,91.515
24.904,91.516
24.455,91.390
24.904,91.391
24.456,91.264
24.904,91.265
24.451,91.138
24.905,91.139
24.444,91.012
24.904,91.013
24.445,90.887
24.905,90.888
24.447,90.761
24.905,90.762
24.448,90.636
24.905,90.637
24.449,90.511
24.907,90.512
24.449,90.384
24.908,90.385
24.450,90.258
24.909,90.259
24.450,90.132
24.909,90.133
24.445,90.006
24.908,90.007
24.457,89.881
24.912,89.882
24.483,89.757
24.922,89.757
24.485,89.632
24.922,89.633
24.485,89.505
24.922,89.506
24.486,89.379
24.923,89.380
24.488,89.253
24.923,89.254
24.488,89.127
24.924,89.128
24.490,89.002
24.923,89.003
24.492,88.878
24.922,88.878
24.493,88.753
24.922,88.754
24.493,88.627
24.925,88.628
24.493,88.500
24.926,88.501
24.494,88.375
24.927,88.376
24.494,88.249
24.927,88.250
24.495,88.124
24.927,88.125
24.495,87.999
24.928,88.000
24.495,87.874
24.928,87.875
24.496,87.748
24.927,87.749
24.496,87.623
24.927,87.624
24.497,87.497
24.927,87.498
24.497,87.372
24.928,87.372
24.498,87.246
24.928,87.247
24.498,87.120
24.928,87.121
24.499,86.995
24.929,86.996
24.499,86.869
24.929,86.870
24.499,86.743
24.928,86.744
24.500,86.615
24.928,86.616
24.500,86.487
24.927,86.488
24.501,86.360
24.927,86.361
24.502,86.232
24.928,86.233
24.503,86.105
24.929,86.106
24.503,85.980
24.929,85.981
24.503,85.854
24.930,85.855
24.504,85.727
24.930,85.728
24.505,85.601
24.931,85.601
24.503,85.474
24.929,85.475
24.525,85.349
24.937,85.349
24.744,85.224
25.087,85.224
25.027,85.100
25.311,85.100
25.176,84.976
25.494,84.976
25.235,84.849
25.550,84.850
25.233,84.722
25.542,84.723
25.230,84.596
25.537,84.597
25.228,84.470
25.532,84.471
25.226,84.345
25.524,84.346
25.222,84.221
25.512,84.222
25.218,84.097
25.500,84.098
25.216,83.973
25.488,83.974
25.203,83.850
25.482,83.850
25.195,83.728
25.476,83.728
25.188,83.607
25.469,83.608
25.181,83.487
25.461,83.487
25.174,83.368
25.453,83.369
25.171,83.249
25.448,83.250
25.169,83.128
25.442,83.129
25.162,83.006
25.438,83.007
25.140,82.883
25.436,82.884
25.088,82.756
25.431,82.758
25.052,82.630
25.382,82.631
24.996,82.504
25.305,82.505
24.895,82.377
25.210,82.378
24.742,82.251
25.098,82.252
24.445,82.124
24.729,82.125
23.398,81.994
23.405,81.994
23.369,81.868
23.372,81.868
23.366,81.741
23.355,81.741
23.370,81.614
23.347,81.614
23.376,81.488
23.345,81.487
23.382,81.361
23.348,81.361
23.387,81.234
23.353,81.234
23.397,81.104
23.356,81.104
23.416,80.973
23.364,80.973
23.430,80.840
23.375,80.840
23.444,80.704
23.385,80.704
23.467,80.570
23.411,80.570
23.487,80.438
23.449,80.438
23.507,80.306
23.472,80.305
23.550,80.175
23.496,80.175
23.593,80.045
23.537,80.045
23.638,79.914
23.598,79.914
23.718,79.783
23.642,79.783
23.786,79.651
23.727,79.651
23.886,79.519
23.794,79.519
23.986,79.387
23.895,79.387
24.086,79.254
24.011,79.254
24.224,79.122
24.136,79.122
24.396,78.991
24.282,78.991
24.572,78.860
24.441,78.860
24.779,78.730
24.624,78.730
25.021,78.600
24.857,78.600
25.305,78.470
25.106,78.470
25.610,78.341
25.395,78.341
25.961,78.212
25.720,78.212
26.307,78.084
26.051,78.084
26.614,77.956
26.364,77.956
26.875,77.829
26.670,77.829
27.133,77.702
26.959,77.702
27.364,77.577
27.228,77.577
27.589,77.451
27.473,77.451
27.799,77.327
27.704,77.327
28.003,77.204
27.922,77.204
28.189,77.081
28.120,77.081
28.372,76.960
28.286,76.960
28.536,76.838
28.433,76.838
28.695,76.717
28.573,76.717
28.859,76.595
28.711,76.595
29.016,76.473
28.857,76.473
29.154,76.351
28.996,76.351
29.288,76.229
29.134,76.229
29.419,76.106
29.268,76.106
29.549,75.984
29.399,75.983
29.677,75.861
29.525,75.860
29.800,75.738
29.651,75.737
29.913,75.614
29.771,75.614
30.017,75.490
29.880,75.490
30.117,75.366
29.989,75.366
30.215,75.243
30.097,75.243
30.317,75.119
30.204,75.119
30.401,74.996
30.300,74.996
30.477,74.874
30.379,74.874
30.565,74.751
30.474,74.751
30.629,74.627
30.561,74.627
30.707,74.503
30.627,74.503
30.772,74.379
30.710,74.379
30.840,74.255
30.762,74.255
30.905,74.132
30.835,74.132
30.966,74.009
30.883,74.009
31.006,73.885
30.950,73.885
31.067,73.761
30.997,73.761
31.105,73.636
31.040,73.636
31.142,73.512
31.097,73.512
31.191,73.388
31.133,73.388
31.228,73.264
31.166,73.264
31.261,73.140
31.223,73.140
31.292,73.016
31.252,73.016
31.338,72.891
31.274,72.891
31.364,72.767
31.301,72.767
31.390,72.642
31.342,72.642
31.412,72.517
31.368,72.517
31.462,72.391
31.386,72.391
31.487,72.265
31.407,72.265
31.505,72.139
31.428,72.139
31.523,72.012
31.465,72.012
31.538,71.886
31.491,71.885
31.570,71.759
31.505,71.759
31.603,71.633
31.527,71.633
31.619,71.508
31.545,71.508
31.636,71.383
31.562,71.382
31.649,71.257
31.597,71.257
31.659,71.132
31.619,71.132
31.673,71.008
31.631,71.007
31.703,70.882
31.643,70.882
31.795,70.757
31.741,70.757
31.930,70.632
31.814,70.631
31.950,70.506
31.836,70.506
31.947,70.381
31.932,70.381
31.948,70.256
31.940,70.256
31.948,70.131
31.942,70.131
31.949,70.005
31.943,70.005
31.949,69.879
31.943,69.879
31.949,69.754
31.944,69.754
31.950,69.630
31.944,69.630
31.950,69.506
31.944,69.506
31.951,69.382
31.945,69.382
31.951,69.258
31.945,69.258
31.951,69.133
31.946,69.133
31.952,69.008
31.946,69.008
31.953,68.882
31.947,68.882
31.953,68.756
31.947,68.756
31.954,68.630
31.948,68.630
31.954,68.504
31.948,68.504
31.955,68.377
31.949,68.377
31.955,68.251
31.949,68.251
31.956,68.125
31.950,68.125
31.956,67.999
31.950,67.999
31.957,67.872
31.951,67.872
31.957,67.746
31.953,67.746
31.958,67.620
31.954,67.620
31.959,67.494
31.957,67.494
31.959,67.368
31.959,67.368
31.960,67.241
31.961,67.241
31.960,67.115
31.963,67.115
31.961,66.989
31.964,66.989
31.961,66.863
31.966,66.863
31.962,66.736
31.968,66.736
31.962,66.610
31.969,66.610
31.963,66.484
31.970,66.484
31.963,66.358
31.970,66.358
31.964,66.231
31.969,66.231
31.964,66.105
31.967,66.105
31.965,65.979
31.965,65.979
31.966,65.852
31.965,65.852
31.966,65.726
31.965,65.726
31.967,65.600
31.963,65.600
31.967,65.474
31.964,65.474
31.968,65.347
31.963,65.347
31.968,65.221
31.964,65.221
31.969,65.095
31.964,65.095
31.969,64.968
31.964,64.968
31.970,64.842
31.964,64.842
31.970,64.715
31.966,64.715
31.971,64.589
31.965,64.589
31.972,64.463
31.966,64.463
31.972,64.336
31.966,64.336
31.973,64.210
31.967,64.210
31.973,64.084
31.967,64.083
31.974,63.957
31.968,63.957
31.974,63.831
31.968,63.831
31.975,63.704
31.969,63.704
31.975,63.578
31.969,63.578
31.976,63.452
31.970,63.452
31.976,63.325
31.971,63.325
31.977,63.199
31.971,63.199
31.978,63.072
31.972,63.072
31.978,62.946
31.972,62.946
31.979,62.820
31.973,62.820
31.979,62.693
31.973,62.693
31.980,62.567
31.974,62.567
31.980,62.440
31.974,62.440
31.981,62.314
31.975,62.314
31.981,62.188
31.975,62.188
31.982,62.061
31.976,62.061
31.982,61.935
31.977,61.935
31.983,61.808
31.977,61.808
31.983,61.682
31.978,61.682
31.984,61.555
31.978,61.555
31.985,61.429
31.979,61.429
31.985,61.303
31.979,61.302
31.986,61.176
31.980,61.176
31.986,61.049
31.980,61.049
31.987,60.923
31.981,60.923
31.987,60.796
31.981,60.796
31.988,60.670
31.982,60.670
31.988,60.544
31.983,60.544
31.989,60.417
31.983,60.417
31.990,60.291
31.984,60.291
31.987,60.164
31.984,60.164
31.984,60.037
31.985,60.038
31.986,59.911
31.985,59.911
31.987,59.785
31.986,59.785
31.988,59.658
31.986,59.658
31.989,59.531
31.987,59.531
31.989,59.405
31.987,59.405
31.990,59.278
31.988,59.278
31.991,59.152
31.988,59.152
31.990,59.025
31.989,59.025
31.989,58.899
31.990,58.899
31.990,58.772
31.990,58.772
31.995,58.646
31.991,58.646
31.997,58.519
31.991,58.519
31.996,58.392
31.992,58.392
31.993,58.266
31.992,58.266
31.994,58.139
31.993,58.139
31.994,58.013
31.993,58.013
31.995,57.886
31.994,57.886
31.996,57.760
31.994,57.760
31.996,57.633
31.995,57.633
31.997,57.506
31.996,57.506
31.998,57.380
31.996,57.380
31.999,57.253
31.997,57.253
32.000,57.127
31.997,57.127
32.001,57.000
31.998,57.000
32.001,56.873
31.998,56.873
32.002,56.747
31.999,56.747
32.001,56.620
31.999,56.620
32.000,56.494
31.999,56.494
32.000,56.367
32.000,56.367
31.999,56.240
32.001,56.240
31.999,56.113
32.001,56.113
32.001,55.987
32.002,55.987
32.001,55.860
32.002,55.860
32.004,55.734
32.003,55.734
32.004,55.607
32.003,55.607
32.004,55.480
32.004,55.480
32.004,55.354
32.004,55.354
32.004,55.227
32.005,55.227
32.004,55.100
32.005,55.100
32.008,54.973
32.006,54.973
32.013,54.847
32.007,54.847
32.013,54.720
32.007,54.720
32.014,54.593
32.008,54.593
32.015,54.467
32.008,54.467
32.015,54.340
32.009,54.340
32.016,54.213
32.009,54.213
32.016,54.087
32.010,54.087
32.017,53.960
32.010,53.960
32.016,53.833
32.011,53.833
32.018,53.707
32.011,53.707
32.018,53.580
32.012,53.580
32.018,53.453
32.013,53.453
32.019,53.326
32.013,53.326
32.019,53.200
32.014,53.200
32.020,53.074
32.014,53.073
32.020,52.947
32.015,52.947
32.021,52.821
32.015,52.821
32.021,52.695
32.016,52.695
32.021,52.567
32.016,52.567
32.022,52.440
32.017,52.440
32.022,52.314
32.017,52.314
32.024,52.187
32.018,52.187
32.024,52.061
32.019,52.061
32.025,51.934
32.019,51.934
32.030,51.808
32.020,51.808
32.002,51.680
32.020,51.681
31.987,51.553
32.021,51.553
31.989,51.426
32.021,51.426
31.990,51.299
32.022,51.299
31.992,51.172
32.022,51.172
31.991,51.046
32.023,51.046
31.989,50.919
32.023,50.920
31.988,50.793
32.024,50.793
31.987,50.667
32.025,50.667
31.977,50.539
32.025,50.539
31.986,50.411
32.026,50.411
31.992,50.284
32.026,50.284
31.990,50.157
32.027,50.157
31.992,50.030
32.027,50.031
31.983,49.904
32.028,49.905
31.976,49.778
32.028,49.778
31.976,49.650
32.029,49.651
31.977,49.523
32.029,49.523
31.977,49.396
32.030,49.396
31.978,49.269
32.031,49.269
31.978,49.142
32.031,49.143
31.979,49.016
32.032,49.017
31.979,48.890
32.032,48.891
31.978,48.763
32.033,48.763
31.978,48.636
32.033,48.636
31.979,48.508
32.034,48.509
31.980,48.380
32.034,48.380
31.980,48.253
32.035,48.253
31.980,48.126
32.035,48.126
31.981,47.999
32.036,47.999
31.981,47.873
32.036,47.873
31.979,47.747
32.037,47.747
31.980,47.619
32.037,47.620
31.980,47.491
32.038,47.492
31.981,47.364
32.038,47.364
31.981,47.237
32.039,47.237
31.982,47.111
32.039,47.111
31.983,46.985
32.040,46.985
31.984,46.859
32.040,46.859
31.990,46.730
32.041,46.731
31.993,46.602
32.042,46.603
31.994,46.474
32.042,46.475
31.992,46.346
32.043,46.347
31.991,46.219
32.043,46.220
31.992,46.094
32.044,46.094
31.996,45.968
32.044,45.968
31.995,45.842
32.045,45.843
31.993,45.717
32.045,45.717
31.993,45.589
32.046,45.589
31.992,45.460
32.046,45.461
31.997,45.333
32.047,45.334
31.998,45.207
32.048,45.207
31.997,45.080
32.048,45.081
31.989,44.955
32.049,44.955
31.986,44.829
32.049,44.829
31.985,44.701
32.050,44.702
31.985,44.573
32.050,44.574
31.986,44.446
32.051,44.446
31.986,44.318
32.051,44.318
31.987,44.192
32.052,44.192
31.987,44.066
32.052,44.067
31.987,43.941
32.053,43.941
31.988,43.815
32.055,43.815
31.986,43.689
32.047,43.690
31.987,43.561
32.013,43.561
31.987,43.433
32.013,43.433
31.988,43.305
32.014,43.305
31.988,43.178
32.015,43.178
31.995,43.051
32.016,43.051
31.998,42.926
32.019,42.926
31.997,42.800
32.004,42.800
31.999,42.672
31.944,42.671
32.000,42.543
31.944,42.543
32.001,42.415
31.946,42.414
32.001,42.286
31.947,42.286
32.002,42.159
31.947,42.158
32.002,42.032
31.948,42.032
32.003,41.906
31.948,41.905
32.003,41.779
31.949,41.779
32.001,41.653
31.949,41.652
31.999,41.524
31.949,41.524
32.000,41.395
31.950,41.395
31.995,41.267
31.950,41.267
31.992,41.140
31.951,41.139
31.993,41.013
31.951,41.012
31.993,40.887
31.952,40.886
31.994,40.761
31.952,40.760
31.993,40.632
31.953,40.632
31.994,40.504
31.954,40.504
31.994,40.376
31.954,40.376
31.995,40.248
31.955,40.247
31.996,40.120
31.955,40.120
31.996,39.994
31.956,39.994
31.997,39.868
31.956,39.867
31.997,39.741
31.958,39.741
31.996,39.615
31.959,39.615
31.996,39.487
31.959,39.487
31.997,39.359
31.958,39.359
31.997,39.232
31.959,39.231
31.998,39.104
31.960,39.104
31.999,38.977
31.959,38.977
31.999,38.851
31.960,38.851
32.000,38.725
31.960,38.724
31.999,38.597
31.961,38.596
31.999,38.468
31.962,38.468
31.999,38.340
31.962,38.340
32.000,38.212
31.963,38.212
32.000,38.084
31.963,38.084
32.001,37.958
31.964,37.958
32.001,37.832
31.964,37.832
32.001,37.706
31.965,37.705
32.001,37.579
31.965,37.579
32.001,37.451
31.966,37.451
32.002,37.323
31.966,37.323
32.003,37.195
31.967,37.195
32.005,37.068
31.968,37.068
32.006,36.941
31.968,36.941
32.008,36.815
31.969,36.814
32.009,36.688
31.969,36.688
32.007,36.560
31.970,36.560
32.005,36.432
31.970,36.432
32.004,36.304
31.971,36.303
32.006,36.176
31.971,36.175
32.010,36.048
31.972,36.048
32.010,35.922
31.972,35.922
32.009,35.795
31.973,35.795
32.008,35.669
31.974,35.669
32.006,35.543
31.974,35.542
32.006,35.415
31.975,35.414
32.006,35.286
31.976,35.286
32.007,35.159
31.977,35.158
32.007,35.031
31.978,35.031
32.008,34.904
31.978,34.904
32.008,34.778
31.979,34.777
32.009,34.651
31.979,34.651
32.009,34.523
31.979,34.522
32.009,34.394
31.980,34.394
32.010,34.266
31.981,34.266
32.010,34.138
31.981,34.137
32.011,34.010
31.981,34.010
32.011,33.884
31.981,33.883
32.012,33.757
31.981,33.757
32.012,33.631
31.982,33.630
32.013,33.504
31.982,33.504
32.013,33.376
31.983,33.376
32.015,33.248
31.983,33.248
32.015,33.121
31.984,33.121
32.017,32.993
31.984,32.993
32.016,32.866
31.985,32.866
32.017,32.740
31.985,32.739
32.018,32.613
31.987,32.613
32.017,32.485
31.987,32.485
32.018,32.358
31.988,32.357
32.018,32.230
31.989,32.230
32.019,32.102
31.990,32.102
32.016,31.975
31.990,31.974
32.004,31.848
31.991,31.848
32.006,31.721
31.991,31.721
32.007,31.594
31.992,31.594
31.993,31.467
31.992,31.467
31.983,31.339
31.991,31.339
31.984,31.211
31.992,31.211
31.985,31.083
31.993,31.083
31.986,30.955
31.994,30.955
31.986,30.828
31.993,30.828
31.987,30.700
31.994,30.700
31.987,30.573
31.994,30.573
31.985,30.445
31.995,30.445
31.984,30.317
31.995,30.317
31.984,30.188
31.996,30.189
31.988,30.060
31.996,30.060
31.993,29.933
31.998,29.933
31.996,29.805
31.999,29.805
31.997,29.678
31.999,29.678
31.992,29.550
31.999,29.550
31.987,29.423
32.000,29.423
31.993,29.295
32.001,29.295
31.997,29.167
32.000,29.167
31.998,29.039
32.001,29.039
31.998,28.912
32.003,28.912
32.001,28.784
32.002,28.784
31.998,28.657
32.003,28.657
31.997,28.530
32.003,28.531
31.997,28.403
32.003,28.403
32.000,28.275
32.003,28.275
32.005,28.147
32.004,28.147
32.006,28.019
32.004,28.019
32.000,27.892
32.005,27.892
31.997,27.765
32.005,27.765
31.997,27.638
32.006,27.638
31.990,27.511
32.007,27.511
31.986,27.384
32.007,27.384
31.986,27.255
32.008,27.256
31.987,27.127
32.010,27.128
31.988,26.999
32.010,26.999
31.988,26.871
32.011,26.871
31.989,26.744
32.011,26.744
31.989,26.617
32.011,26.617
31.989,26.491
32.012,26.491
31.988,26.364
32.012,26.364
31.987,26.237
32.012,26.237
31.989,26.109
32.013,26.109
31.989,25.980
32.013,25.980
31.990,25.852
32.013,25.852
31.990,25.724
32.014,25.724
31.990,25.597
32.014,25.597
31.997,25.470
32.015,25.470
32.008,25.343
32.016,25.343
32.007,25.215
31.988,25.214
32.006,25.086
31.968,25.086
32.003,24.958
31.974,24.958
32.003,24.830
31.975,24.830
32.004,24.703
31.975,24.702
32.004,24.575
31.979,24.575
32.006,24.448
31.983,24.448
32.005,24.321
31.983,24.321
32.004,24.194
31.980,24.194
32.005,24.066
31.981,24.065
32.005,23.937
31.983,23.936
32.008,23.808
31.984,23.808
32.001,23.679
31.985,23.679
31.994,23.551
31.985,23.551
31.994,23.424
31.982,23.424
31.993,23.297
31.980,23.297
31.993,23.169
31.982,23.169
31.993,23.041
31.984,23.041
31.994,22.912
31.984,22.912
31.994,22.784
31.982,22.784
31.995,22.656
31.982,22.656
31.995,22.528
31.983,22.528
31.995,22.401
31.983,22.401
31.994,22.273
31.986,22.273
31.993,22.146
31.987,22.146
31.993,22.017
31.987,22.017
31.993,21.889
31.989,21.889
31.994,21.761
31.991,21.761
31.994,21.632
31.990,21.632
31.995,21.505
31.992,21.505
32.002,21.378
31.992,21.377
32.006,21.250
31.993,21.250
32.009,21.123
31.994,21.123
32.012,20.996
31.993,20.996
32.007,20.868
31.994,20.868
31.999,20.740
31.994,20.740
32.001,20.612
31.993,20.612
32.004,20.484
31.990,20.484
32.012,20.356
31.990,20.356
32.011,20.229
31.990,20.229
32.007,20.101
31.990,20.101
32.004,19.973
31.991,19.973
31.999,19.845
31.992,19.845
31.997,19.717
31.993,19.717
31.997,19.588
31.993,19.588
31.997,19.460
31.993,19.460
31.998,19.332
31.995,19.332
31.997,19.205
31.998,19.205
31.997,19.078
31.998,19.078
31.997,18.950
31.998,18.950
31.997,18.822
31.999,18.822
31.999,18.693
32.000,18.693
31.999,18.564
32.001,18.564
31.999,18.436
32.002,18.436
32.003,18.308
32.002,18.308
32.013,18.180
32.003,18.180
32.017,18.052
32.004,18.052
32.016,17.924
32.002,17.924
32.005,17.797
32.001,17.796
32.001,17.668
32.002,17.668
32.014,17.540
32.002,17.540
32.015,17.413
32.001,17.412
32.014,17.285
32.001,17.285
32.014,17.158
32.002,17.158
32.012,17.031
32.002,17.031
32.016,16.904
32.002,16.903
32.015,16.775
32.002,16.775
32.014,16.647
32.003,16.647
32.016,16.519
32.005,16.519
32.020,16.391
32.007,16.391
32.021,16.263
32.008,16.263
32.017,16.135
32.009,16.135
32.014,16.007
32.009,16.007
32.009,15.880
32.007,15.880
32.004,15.752
32.008,15.752
32.004,15.623
32.010,15.624
32.005,15.495
32.011,15.495
32.005,15.367
32.011,15.367
32.006,15.239
32.009,15.239
32.005,15.111
32.009,15.111
32.005,14.983
32.009,14.983
32.005,14.855
32.009,14.855
32.005,14.727
32.010,14.727
32.006,14.598
32.010,14.598
32.006,14.470
32.011,14.470
32.007,14.341
32.011,14.341
32.007,14.213
32.012,14.213
32.006,14.085
32.012,14.085
32.006,13.958
32.012,13.958
32.006,13.830
32.012,13.830
32.007,13.702
32.012,13.702
32.007,13.573
32.013,13.573
32.008,13.445
32.014,13.445
32.008,13.316
32.015,13.316
32.009,13.188
32.015,13.188
32.008,13.060
32.016,13.060
32.007,12.932
32.016,12.932
32.008,12.803
32.015,12.803
32.008,12.675
32.016,12.675
32.009,12.547
32.017,12.547
32.009,12.419
32.017,12.419
32.010,12.291
32.018,12.291
32.011,12.163
32.018,12.163
32.009,12.034
32.019,12.035
32.009,11.906
32.019,11.906
32.018,11.778
32.019,11.778
32.019,11.650
32.020,11.650
32.019,11.522
32.020,11.522
32.022,11.394
32.021,11.394
32.023,11.266
32.020,11.266
32.024,11.138
32.021,11.138
32.020,11.009
32.022,11.009
32.017,10.881
32.022,10.881
32.020,10.753
32.022,10.753
32.022,10.625
32.022,10.625
32.023,10.498
32.023,10.498
32.022,10.370
32.024,10.370
32.021,10.242
32.024,10.242
32.020,10.114
32.025,10.114
32.012,9.985
32.025,9.985
32.010,9.857
32.026,9.857
32.011,9.729
32.026,9.729
32.012,9.601
32.026,9.601
32.012,9.473
32.027,9.473
32.013,9.345
32.027,9.345
32.013,9.216
32.027,9.216
32.014,9.087
32.028,9.087
32.013,8.958
32.028,8.958
32.012,8.829
32.029,8.830
32.013,8.701
32.029,8.701
32.013,8.573
32.030,8.573
32.014,8.445
32.030,8.445
32.014,8.317
32.031,8.317
32.015,8.190
32.032,8.190
32.017,8.061
32.032,8.061
32.022,7.932
32.033,7.932
32.025,7.803
32.033,7.803
32.025,7.674
32.034,7.674
32.023,7.545
32.034,7.546
32.020,7.418
32.035,7.418
32.022,7.290
32.035,7.291
32.023,7.163
32.036,7.163
32.024,7.035
32.037,7.035
32.023,6.907
32.037,6.907
32.022,6.778
32.038,6.778
32.022,6.650
32.038,6.650
32.025,6.521
32.039,6.521
32.028,6.392
32.039,6.393
32.029,6.265
32.040,6.265
32.026,6.137
32.040,6.138
32.023,6.010
32.041,6.011
32.023,5.884
32.043,5.884
32.022,5.755
32.040,5.756
32.023,5.627
32.009,5.627
32.021,5.499
32.032,5.499
32.019,5.371
32.032,5.371
32.019,5.243
32.033,5.244
32.020,5.116
32.046,5.116
32.021,4.989
32.045,4.989
32.021,4.859
32.049,4.860
32.019,4.730
32.033,4.730
32.020,4.600
32.000,4.600
32.020,4.470
31.997,4.470
32.021,4.342
32.000,4.342
32.021,4.216
32.000,4.216
32.022,4.090
32.001,4.090
32.022,3.965
32.001,3.965
32.022,3.840
32.004,3.839
32.022,3.710
32.003,3.709
32.022,3.579
32.002,3.579
32.023,3.447
32.002,3.447
32.023,3.315
32.003,3.315
32.024,3.185
32.004,3.185
32.024,3.058
32.002,3.058
32.025,2.931
32.005,2.931
32.025,2.804
31.986,2.804
32.024,2.677
31.962,2.676
32.024,2.547
31.961,2.546
32.025,2.416
31.961,2.415
32.025,2.286
31.961,2.285
32.026,2.156
31.962,2.155
32.026,2.028
31.962,2.027
32.027,1.901
31.963,1.901
32.027,1.775
31.963,1.774
32.026,1.647
31.963,1.647
32.027,1.520
31.963,1.519
32.027,1.392
31.962,1.392
32.028,1.265
31.963,1.264
32.028,1.140
31.964,1.139
32.029,1.016
31.965,1.016
32.030,0.893
31.965,0.893
32.030,0.770
31.966,0.769
32.029,0.646
31.965,0.645
32.029,0.519
31.964,0.519
32.030,0.392
31.964,0.391
32.032,0.263
31.964,0.263
32.017,0.134
31.963,0.134
31.959,0.006
31.961,0.006
31.918,-0.120
31.944,-0.119
31.903,-0.245
31.919,-0.244
31.900,-0.369
31.892,-0.369
31.891,-0.493
31.874,-0.493
31.878,-0.619
31.866,-0.619
31.865,-0.746
31.860,-0.746
31.854,-0.873
31.854,-0.873
31.847,-1.001
31.849,-1.001
31.842,-1.129
31.845,-1.129
31.837,-1.255
31.843,-1.255
31.831,-1.381
31.838,-1.381
31.823,-1.507
31.826,-1.507
31.815,-1.633
31.813,-1.633
31.808,-1.759
31.800,-1.760
31.802,-1.886
31.781,-1.887
31.799,-2.013
31.752,-2.014
31.793,-2.137
31.734,-2.138
31.766,-2.262
31.724,-2.263
31.731,-2.384
31.710,-2.384
31.718,-2.504
31.692,-2.504
31.700,-2.625
31.677,-2.625
31.688,-2.746
31.647,-2.746
31.678,-2.867
31.618,-2.868
31.650,-2.989
31.600,-2.990
31.613,-3.112
31.583,-3.112
31.588,-3.233
31.560,-3.233
31.567,-3.354
31.519,-3.354
31.536,-3.474
31.486,-3.475
31.491,-3.594
31.464,-3.594
31.466,-3.714
31.433,-3.714
31.440,-3.834
31.388,-3.834
31.406,-3.954
31.355,-3.955
31.356,-4.074
31.326,-4.075
31.321,-4.195
31.285,-4.195
31.274,-4.315
31.241,-4.316
31.215,-4.434
31.204,-4.434
31.175,-4.553
31.167,-4.553
31.107,-4.671
31.113,-4.671
31.066,-4.789
31.077,-4.789
30.996,-4.907
31.016,-4.907
30.949,-5.026
30.967,-5.026
30.874,-5.145
30.906,-5.145
30.828,-5.264
30.852,-5.263
30.751,-5.382
30.782,-5.381
30.701,-5.499
30.725,-5.499
30.627,-5.616
30.649,-5.615
30.572,-5.732
30.593,-5.731
30.491,-5.848
30.513,-5.847
30.428,-5.963
30.454,-5.963
30.352,-6.079
30.378,-6.078
30.269,-6.193
30.294,-6.193
30.201,-6.307
30.218,-6.307
30.116,-6.421
30.128,-6.421
30.019,-6.534
30.030,-6.533
29.928,-6.646
29.934,-6.646
29.851,-6.757
29.844,-6.757
29.756,-6.868
29.747,-6.868
29.654,-6.978
29.639,-6.978
29.547,-7.087
29.526,-7.088
29.428,-7.197
29.405,-7.198
29.302,-7.305
29.274,-7.306
29.175,-7.412
29.147,-7.413
29.035,-7.519
29.017,-7.520
28.899,-7.625
28.881,-7.625
28.763,-7.730
28.736,-7.731
28.618,-7.836
28.579,-7.837
28.459,-7.941
28.424,-7.942
28.297,-8.046
28.251,-8.048
28.122,-8.151
28.075,-8.153
27.944,-8.255
27.892,-8.257
27.759,-8.360
27.691,-8.362
27.569,-8.461
27.499,-8.463
27.373,-8.560
27.298,-8.562
27.162,-8.660
27.068,-8.663
26.912,-8.779
26.802,-8.784
26.642,-8.907
26.517,-8.912
26.311,-9.064
26.165,-9.073
25.912,-9.257
25.754,-9.266
