SKU,Amazon_SKU,ASIN,Pack_Type,Name,Barcode,MAP,MAP_P2,MAP_P3,In_ChannelMax
A03,A03_ES,B00XO2DKYO,Single,EXTRACTO DE GINSENG,8801223217105,44.24,82.94,124.41,Yes
A04,A04_ES,B00DN9I1PQ,Single,GINSENG 50 CAPS BLIST,8801223207519,29.84,55.94,83.91,Yes
A05,A05_ES,B00DN9I0NE,Single,GINSENG 100 CAPS BLIS,8801223207526,51.04,95.7,143.55,Yes
A06,A06_ES,B00XO2A470,Single,GINSENG 100 CAPS TARR,8801223207502,50.72,95.1,142.64999999999998,Yes
A06,A06_ESR,B00DN9I2AK,Single,GINSENG 100 CAPS TARR,8801223207502,50.72,95.1,142.64999999999998,Yes
A07,A07_ES,B003GCY0ZK,Single,GINSAGEL 20 CAPSULAS,8801223150907,19.04,35.7,53.550000000000004,Yes
A10,A10_ES,B016QF5JI0,Single,GINST15 TEA 30 SOBRES,8801223300852,36.32,68.1,102.14999999999999,Yes
A11,A11_ES,B00J41M80G,Single,GINST15 TEA 100 SOBRE,8801223300876,93.84,175.94,263.90999999999997,Yes
B01,B01_ES,B00XO2FZCY,Single,ALIGEL FORT 55 PERLAS,8436005300012,22.32,41.84,62.760000000000005,Yes
B04,B04_ES,B00DN9HZ7G,Single,ENERGY ALIGELFORT,8436005300036,18.72,35.1,52.650000000000006,Yes
B05,,,Single,MAGNESIO MARINO 40COM,8436005300609,15.52,29.1,43.650000000000006,No
B07,,,Single,PURO COLAGENO MARINO,8436005300715,19.6,36.74,55.11,No
B19,B19_ESR,B00XO2EIK4,Single,BIFISIETE 30 CAPS,8436005301453,16.8,31.5,47.25,Yes
B22,B22_ES,B08RZ5BKX4,Single,BIFISIETE DEFENSAS,8436005300517,19.12,35.84,53.760000000000005,Yes
B27,,,Single,CARTILAGO MARINO,8436005301613,35.92,67.34,101.01,No
C01,C01_ES,B00XO2FR0E,Single,APICOL POLEN 60ML,8436005300081,13.44,25.2,37.8,Yes
C02,C02_ES,B005VADQVO,Single,APICOL PROPOLIS 40 CP,8436005300098,13.92,26.1,39.150000000000006,Yes
C02,C02_ESB,B005VADQVO,Single,APICOL PROPOLIS 40 CP,8436005300098,13.92,26.1,39.150000000000006,Yes
C03,C03_ES,B00XO2FT4S,Single,APICOL DOBLETOTAL 14,8436005300104,21.44,40.2,60.300000000000004,Yes
C04,C04_ES,B0156YZE2I,Single,APICOL JALETON,8436005300111,23.76,44.54,66.81,Yes
C06,C06_ES,B00DN9K01E,Single,APICOL EXTR. PROPOLIS,8436005300135,12.48,23.4,35.099999999999994,Yes
C06,C06_ES_sin etiqueta,B00DN9K01E,Single,APICOL EXTR. PROPOLIS,8436005300135,12.48,23.4,35.099999999999994,Yes
C07,,,Single,APICOL JALEA REAL 500,8436005300838,16.56,31.04,46.56,No
C09,C09_ES,B00XO2FHZY,Single,AP. JALEA REAL 1000,8436005301927,20.56,38.54,57.81,Yes
C11,C11_ES,B00PYAOT26,Single,AP. PROPOLIS+ECHINACE,8436005300043,13.84,25.94,38.910000000000004,Yes
C12,C12_ES,B00I035F72,Single,AP. JARABE EXTRACTO,8436005300555,14.0,26.24,39.36,Yes
C12,C12_ESB,B00I035F72,Single,AP. JARABE EXTRACTO,8436005300555,14.0,26.24,39.36,Yes
D05,,,Single,INTESTINO 250 GR,8436005300173,14.48,27.14,40.71,No
D11,,,Single,CIRCULACION 40 CAPS,8436005300692,14.24,26.7,40.05,No
D13,D13_ES,B00HZTGVPM,Single,,,,,,Yes
D14,D14_ES,B00XO2CDOM,Single,CIRCULACION 20 VIALES,8436005301941,21.28,39.9,59.849999999999994,Yes
D15,D15_ES,B00J5SA9JK,Single,HEPATIMAX 20 VIALES,8436005300562,20.56,38.54,57.81,Yes
D16,D16_ES,B013TLF4M0,Single,CABELLO PIEL Y UÑAS,8436005300753,20.56,38.54,57.81,Yes
E01,,,Single,SPIRULINA 125 COMPR,8436005301194,13.84,25.94,38.910000000000004,No
E02,,,Single,SPIRULINA 300 COMPR,8436005301200,28.88,54.14,81.21000000000001,No
E11,E11_ES,B00DN9I7U0,Single,,,,,,Yes
G01,G01_ES,B00DN9JKCY,Single,VITALOE ZUMO  500ML,8436005300210,13.52,25.34,38.01,Yes
G02,G02,B0D9V6JZHC,Single,VITALOE QUALITY 1L,8436005302290,20.16,37.8,56.699999999999996,Yes
G04,,,Single,JUGO ALOE VERA  500ML,8436005300524,13.28,24.9,37.349999999999994,No
H01,H01_ES,B00XO2FUVU,Single,APICOL GOLA 24 G,8436005300241,8.88,16.64,24.96,Yes
H04,H04_ES,B00XO2DMAG,Single,DORTIL DOBLEFORT 30ML,8436005301330,11.12,20.84,31.259999999999998,Yes
H05,H05-ES,B00DN9JUC4,Single,REGOLAX  50 CAPS,8436005300289,11.84,22.2,33.3,Yes
H05,H05_ES,B00DN9JUC4,Single,REGOLAX  50 CAPS,8436005300289,11.84,22.2,33.3,Yes
H09,H09_ES,B00DN9JTI4,Single,TEA TREE 100%PURO 15M,8436005300319,8.96,16.8,25.200000000000003,Yes
H10,H10_ES,B00DN9K2Z8,Single,SPRAY GOLA 25ML,8436005300326,8.96,16.8,25.200000000000003,Yes
H12,,,Single,RESFREMOL  12 SOBRES,8436005300999,12.4,23.24,34.86,No
H14,H14_ES,B00XO2CQZ8,Single,NIVELCOL 60 CAPS,8436005301439,15.76,29.54,44.31,Yes
H19,,,Single,S.O.S. ACTIVE,8436005302009,15.12,28.34,42.51,No
H20,H20_ES,B00XOV1U6A,Single,NIVELANSI 40 CAPS,8436005300388,20.4,38.24,57.36,Yes
H21,H21_ES,B00XO2CKVS,Single,NIVELTEN 40 CAPS,8436005300470,18.08,33.9,50.849999999999994,Yes
H22,H22_ES,B00XOV1NBC,Single,NIVELGLU 60 CAPS,8436005300586,20.96,39.3,58.949999999999996,Yes
H23,H23_ES,B00XO2FGAK,Single,SPRAY TEA TREE 30ML,8436005300661,16.0,30.0,45.0,Yes
H25,H25_ES_3,B08QR9Y5DY,Pack3,NIVELFLEX 100CPS,8436005300234,92.69999999999999,61.8,92.69999999999999,Yes
H25,H25_P3,B0CMFCQN8Q,Pack3,NIVELFLEX 100CPS,8436005300234,92.69999999999999,61.8,92.69999999999999,Yes
H26,H26-CON,B071J44J8Q,Single,120 CAPS NIVELCOL,8436005301408,25.2,47.24,70.86,Yes
H26,H26_ES,B071J44J8Q,Single,120 CAPS NIVELCOL,8436005301408,25.2,47.24,70.86,Yes
H26,H26_ES_2,B07J6MX685,Pack2,120 CAPS NIVELCOL,8436005301408,47.24,47.24,70.86,Yes
H26,H26_ES_3,B08QRDV1CP,Pack3,120 CAPS NIVELCOL,8436005301408,70.86,47.24,70.86,Yes
H26,H26_ES_sin etiqueta,B071J44J8Q,Single,120 CAPS NIVELCOL,8436005301408,25.2,47.24,70.86,Yes
H27,H27_ES,B07BR7XQN7,Single,NIVELMEMORIX 40CPS,8436005301415,23.6,44.24,66.36,Yes
H28,H28_ES_sin etiqueta,B083C8C2R1,Single,80 CAPS NIVELANSI,8436005300227,34.4,64.5,96.75,Yes
H29,H29_ES,B00PYAPT4S,Single,Crema NIVELFLEX,8436005300579,17.28,32.4,48.599999999999994,Yes
H30,H30_ES,B00PYAPQYQ,Single,NIVELVIGOR,8436005300463,17.76,33.3,49.949999999999996,Yes
H30,H30_ESB,B00PYAPQYQ,Single,NIVELVIGOR,8436005300463,17.76,33.3,49.949999999999996,Yes
H31,H31_ES,B00DN9LJXC,Single,NIVELHEPA,8436005301293,18.88,35.4,53.099999999999994,Yes
H32,H32,B0BRBLRQGB,Single,NIVELRESPIR 40CPS,8436005301811,18.8,35.24,52.86,Yes
H33,H33_ES,B0BRK6M6L9,Single,NIVELDOL,8436005301880,19.84,37.2,55.800000000000004,Yes
H34,H34_ES,B0D8PJ5CJY,Single,NIVELVISION 40CPS,8436005302306,17.84,33.44,50.16,Yes
I25,I25_ES,B00DN9KVVI,Single,,,,,,Yes
I27,,,Single,LIPOFORT 60 CAPS,8436005301378,14.08,26.4,39.599999999999994,No
I33,,,Single,CHITOFORT PLUS 72 CAP,8436005302030,17.28,32.4,48.599999999999994,No
I35,,,Single,NIVELAX 30 CAPS,8436005302146,13.36,25.04,37.56,No
I36,I36_ES,B00XO2DIU0,Single,NIVELFLATU 30 CAPS,8436005302153,12.96,24.3,36.45,Yes
I44,I44_ES,B00V6AQBJM,Single,SAVIA VERDE 250ML,8436005300708,16.48,30.9,46.349999999999994,Yes
I45,I45_ES,B01C414F44,Single,SAVIA VERDE 500ML,8436005300258,27.76,52.04,78.06,Yes
I46,I46_ES,B00DN9KOFG,Single,SAVIA ROJA 250ML,8436005300265,18.16,34.04,51.06,Yes
I47,I47_ES,B07D4MX5RB,Single,SAVIA DORADA 250ML,8436005301545,18.64,34.94,52.41,Yes
I48,I48_ES,B0D5QDZSYY,Single,SAVIA KOMBUCHA,8436005302085,16.72,31.34,47.01,Yes
M01,M01-DE,B0DHCJ8D8D,Single,MACA 2000MG  60 CAPS,8436005300630,19.84,37.2,55.800000000000004,Yes
M01,M01-EU,B0DHCJ8D8D,Single,MACA 2000MG  60 CAPS,8436005300630,19.84,37.2,55.800000000000004,Yes
M01,M01_ES,B00V6AQEB2,Single,MACA 2000MG  60 CAPS,8436005300630,19.84,37.2,55.800000000000004,Yes
M01,M01_UK,B0DHCJ8D8D,Single,MACA 2000MG  60 CAPS,8436005300630,19.84,37.2,55.800000000000004,Yes
M02,M02_ES,B00KO4S8W4,Single,S.O.D. GLUTATION,8436005300654,23.6,44.24,66.36,Yes
M03,M03_ES,B00XO2H3FG,Single,AZAFRAN 2% SAFRANAL,8436005300623,13.2,24.74,37.11,Yes
M04,M04-P2,B08QNKBTMS,Pack2,REISHI 6500MG 60 CAPS,8436005300616,47.4,47.4,71.1,Yes
M04,M04_ES,B00XO2HTTQ,Single,REISHI 6500MG 60 CAPS,8436005300616,25.28,47.4,71.1,Yes
M04,M04_ES_2,B08QNKBTMS,Pack2,REISHI 6500MG 60 CAPS,8436005300616,47.4,47.4,71.1,Yes
M04,M04_ES_3,B08QRYC8QG,Pack3,REISHI 6500MG 60 CAPS,8436005300616,71.1,47.4,71.1,Yes
M06,M06_ES,B00XO2A0QU,Single,GINKGO 6500MG 40 CAPS,8436005300678,13.92,26.1,39.150000000000006,Yes
M06,M06_ESB,B00XO2A0QU,Single,GINKGO 6500MG 40 CAPS,8436005300678,13.92,26.1,39.150000000000006,Yes
M07,M07_ES,B00V6ARKY2,Single,CURCUMA 10000MG,8436005301859,19.28,36.14,54.21,Yes
M08,M08_ES,B00V6ARNJE,Single,HARPAGOFITO 1600MG,8436005300722,14.8,27.74,41.61,Yes
M09,M09_ES,B00XO2HZJ0,Single,ECHINACEA DUO &C+D,8436005300739,13.04,24.44,36.660000000000004,Yes
M10,M10_ES,B016QF5MN2,Single,CARDO MARIANO 10000MG,8436005300777,15.12,28.34,42.51,Yes
M10,M10_ES_2,B08QNHBGJN,Pack2,CARDO MARIANO 10000MG,8436005300777,28.34,28.34,42.51,Yes
M11,M11_ES,B016QF5L6U,Single,AJO NEGRO ENVEJECIDO,8436005300784,16.0,30.0,45.0,Yes
M11,M11_ES_B,B016QF5L6U,Single,AJO NEGRO ENVEJECIDO,8436005300784,16.0,30.0,45.0,Yes
M12,M12_ES,B016QF5QL0,Single,LUPULO MENO-DUO,8436005300272,13.92,26.1,39.150000000000006,Yes
M13,M13_ES,B00XO2HEFA,Single,SAW PALMETTO POLEN CE,8436005300296,18.32,34.34,51.510000000000005,Yes
M14,M14_ES,B017H70V6Q,Single,COLAGENO-MEMBR. HUEVO,8436005301149,15.44,28.94,43.410000000000004,Yes
M14,M14_ESR,B07BRB2RQ7,Single,COLAGENO-MEMBR. HUEVO,8436005301149,15.44,28.94,43.410000000000004,Yes
M14,M14_ESR_2,B08K7KY2KJ,Pack2,COLAGENO-MEMBR. HUEVO,8436005301149,28.94,28.94,43.410000000000004,Yes
M14,M14_ESR_3,B08QRVHGS9,Pack3,COLAGENO-MEMBR. HUEVO,8436005301149,43.410000000000004,28.94,43.410000000000004,Yes
M15,M15_ES,B01JCMY2OG,Single,CANELA 2500MG 30 CAPS,8436005300302,12.88,24.14,36.21,Yes
M16,M16_ES,B0CND1DNRB,Single,COENZIMA Q10 30MG,8436005300333,19.04,35.7,53.550000000000004,Yes
M17,M17_ES,B07BRB35JL,Single,COENZIMA Q10 100MG,8436005300340,36.08,67.64,101.46000000000001,Yes
M18,M18_ES,B073G4Y467,Single,COENZIMA Q10 200MG,8436005300357,33.84,63.44,95.16,Yes
M19,M19_ES,B01H051A1K,Single,CRANBERRY 120 PACS,8436005300814,17.92,33.6,50.400000000000006,Yes
M19,M19_ES_sin etiqueta,B01H051A1K,Single,CRANBERRY 120 PACS,8436005300814,17.92,33.6,50.400000000000006,Yes
M20,M20,B01EA8AUS4,Single,CRANBERRY MEGA 150,8436005300845,25.2,47.24,70.86,Yes
M21,M21_ES,B073G78WRX,Single,,,,,,Yes
M22,M22_ESB,B073G9TW56,Single,CALCIO CORALINO 1000M,8436005300937,11.2,21.0,31.5,Yes
M22,M22_ESD,B01LZNSNXX,Single,CALCIO CORALINO 1000M,8436005300937,11.2,21.0,31.5,Yes
M23,M23_ES,B073GC74ZV,Single,"CALCIO CORALINO,D3&MG",8436005300951,22.4,42.0,63.0,Yes
M24,,,Single,B-VEGETAL COMPLEX,8436005300968,23.6,44.24,66.36,No
M25,M25_ES,B073GFLSXQ,Single,VITAMINA D3 1000UI,8436005300975,11.28,21.14,31.71,Yes
M26,M26_ES,B01N7XLGDX,Single,VIT. C-1000 NO ACIDA,8436005301088,20.24,37.94,56.91,Yes
M27,M27_ES,B073G7V2R3,Single,VM-VEGETAL COMPLEX,8436005301095,21.92,41.1,61.650000000000006,Yes
M28,,,Single,FERRO VEGETAL COMPLEX,8436005301101,21.76,40.8,61.199999999999996,No
M29,M29_ES,B071NR9S3V,Single,LUTEINA 20MG CROCINA,8436005301118,16.56,31.04,46.56,Yes
M30,M30_ES,B01M1KGFZG,Single,OMEGA 3 2400-TG,8436005301125,23.76,44.54,66.81,Yes
M31,M31_ES,B00HZT9BM2,Single,ACIDO ELENOLICO,8436005301217,13.76,25.8,38.7,Yes
M32,M32_ES,B073GDF494,Single,MELATONINA PURA 1MG,8436005301224,12.88,24.14,36.21,Yes
M33,M33_ES,B00HZTA6NA,Single,ULTRA KRILL 60 PERLAS,8436005301231,34.24,64.2,96.30000000000001,Yes
M34,M34_ES,B074F28VTY,Single,MAXI ENZIMAS+PROBIOTI,8436005301316,17.44,32.7,49.050000000000004,Yes
M34,M34_ESB,B074F28VTY,Single,MAXI ENZIMAS+PROBIOTI,8436005301316,17.44,32.7,49.050000000000004,Yes
M35,M35-EU,B0DHL63X3H,Single,FLEXI COLAGENO REFORZ,8436005301422,24.4,45.74,68.61,Yes
M35,M35-IT,B0DHL63X3H,Single,FLEXI COLAGENO REFORZ,8436005301422,24.4,45.74,68.61,Yes
M35,M35_ES,B0761TMSXM,Single,FLEXI COLAGENO REFORZ,8436005301422,24.4,45.74,68.61,Yes
M35,M35_UK,B0DHL63X3H,Single,FLEXI COLAGENO REFORZ,8436005301422,24.4,45.74,68.61,Yes
M36,M36-EU,B0DHLB88D4,Single,DERMO COLAGENO REFORZ,8436005301491,25.2,47.24,70.86,Yes
M36,M36_ES,B0761V699L,Single,DERMO COLAGENO REFORZ,8436005301491,25.2,47.24,70.86,Yes
M36,M36_UK,B0DHLB88D4,Single,DERMO COLAGENO REFORZ,8436005301491,25.2,47.24,70.86,Yes
M37,M37_ES,B0784T3F51,Single,AGARICUS BLAZEI/REISH,8436005301521,18.8,35.24,52.86,Yes
M38,M38_ES,B07BQYXYZ6,Single,CRANBERRY COMPLEX,8436005301538,13.36,25.04,37.56,Yes
M39,M39_ES,B07MV83V1N,Single,UBIQUINOL 100MG,8436005301552,46.16,86.54,129.81,Yes
M40,M40_ES,B07MGH75ST,Single,FASE REDUCE 60 CAPS,8436005301569,20.08,37.64,56.46,Yes
M41,M41_ES,B07FQK18S6,Single,80 CAPS CURCUMA,8436005301576,32.4,60.74,91.11,Yes
M41,M41_ES_2,B08QNG1HNL,Pack2,80 CAPS CURCUMA,8436005301576,60.74,60.74,91.11,Yes
M41,M41_ES_3,B08QRLX2FJ,Pack3,80 CAPS CURCUMA,8436005301576,91.11,60.74,91.11,Yes
M41,M41_ES_B,B08BW98SDF,Single,80 CAPS CURCUMA,8436005301576,32.4,60.74,91.11,Yes
M41,M41_ES_sin etiqueta,B07FQK18S6,Single,80 CAPS CURCUMA,8436005301576,32.4,60.74,91.11,Yes
M42,M42_ES,B07PQGQ8LQ,Single,VALERIANA GABA,8436005301637,12.88,24.14,36.21,Yes
M43,,,Single,COMPLEJO B SAME,8436005301644,17.6,33.0,49.5,No
M45,M45_ES,B07W7XNY8B,Single,MAGNESIO ULTRADIRECT,8436005301668,16.48,30.9,46.349999999999994,Yes
M46,M46_ES,B00DN9JYCK,Single,METIL B12,8436005300166,18.0,33.74,50.61,Yes
M48,M48_ES,B0D2CC8GKW,Single,80 CAPS MAXI ENZIMAS,8436005302092,29.84,55.94,83.91,Yes
M49,M49_ES,B00DN9NC8C,Single,,,,,,Yes
M51,M51_ES,B00DN9IX72,Single,FASE DETOX  250ML,8436005300371,18.0,33.74,50.61,Yes
M52,M52_ES,B00KGVBMY6,Single,LACTOFERRINA INMUNO,8436005300487,22.8,42.74,64.11,Yes
M55,,,Single,PACK REDUCE DETOX,8436005300944,24.72,46.34,69.51,No
M56,M56_ESB,B00DN9L11M,Single,COLA DE CABALLO,8436005300982,10.32,19.34,29.009999999999998,Yes
M57,,,Single,FASE CALORIAS,8436005301835,17.28,32.4,48.599999999999994,No
M58,M58_ES,B0CJHRX4QY,Single,ASHWAGANDHA,8436005305017,14.96,28.04,42.06,Yes
M59,M59_ES,B0D1X835YV,Single,80 CAPS GINKGO,8436005302108,21.2,39.74,59.61,Yes
M60,M60,B0BMKQCZ5W,Single,ONAGRA 2500MG 300PERL,8436005301477,35.92,67.34,101.01,Yes
M61,,,Single,ONAGRA 2500MG 100PERL,8436005301590,14.24,26.7,40.05,No
M62,M62_ES,B0BRD8D3S6,Single,OMEGA 3-6 TG OMEGA6,8436005301606,14.32,26.84,40.26,Yes
M63,,,Single,ESPINO AJO Y OLIVO,8436005301682,11.04,20.7,31.049999999999997,No
M64,M64_ES,B0CYG7G5XP,Single,OMEGA 3-6-9 2960MG,8436005301699,15.2,28.5,42.75,Yes
M65,,,Single,LINAZA 1000MG,8436005301705,7.92,14.84,22.259999999999998,No
M66,,,Single,ESPINO BLANCO 1200MG,8436005301736,7.84,14.7,22.049999999999997,No
M68,,,Single,AJO 1000MG,8436005301767,10.8,20.24,30.36,No
M69,,,Single,CALABAZA 1500MG,8436005301774,9.52,17.84,26.759999999999998,No
M80,M80,B0BRDSPCLF,Single,CAPS C.P.U. CLINIC,8436005301798,19.2,36.0,54.0,Yes
M81,,,Single,VIAL C.P.U. FLASH,8436005301804,17.76,33.3,49.949999999999996,No
M82,M82_ES,B0CJVTHZLL,Single,ACIDO HIALURONICO 30c,8436005301910,18.8,35.24,52.86,Yes
M83,M83_ES,B0DB81NJ2Z,Single,ESPINO AMARILLO PERLA,8436005302313,20.4,38.24,57.36,Yes
M84,M84_ES,B0DT8YT1TL,Single,COLAGENO A.G.E,8436005302320,21.6,40.5,60.75,Yes
M85,,,Single,BETACAROTENOS CLINIC,8436005302382,13.44,25.2,37.8,No
M90,M90-DE,B0DJ1216Y7,Single,80 CAPS CARDO MARIANO,8436005302283,22.96,43.04,64.56,Yes
M90,M90-EU,B0DJ1216Y7,Single,80 CAPS CARDO MARIANO,8436005302283,22.96,43.04,64.56,Yes
M90,M90-IT,B0DJ1216Y7,Single,80 CAPS CARDO MARIANO,8436005302283,22.96,43.04,64.56,Yes
M90,M90_ES,B0CYLZWFYH,Single,80 CAPS CARDO MARIANO,8436005302283,22.96,43.04,64.56,Yes
M91,M91_ES,B0CTMJYGBS,Single,DHA VEGANO,8436005300005,22.88,42.9,64.35,Yes
M92,M92_ES,B0F4RLVVBP,Single,CURCUMA BOSWELLIA,8436005302337,15.52,29.1,43.650000000000006,Yes
M93,M93_ES,B0FTSP3M83,Single,GLUCOPIC,8436005302344,17.76,33.3,49.949999999999996,Yes
N13,N13_ES,B00PYAQOPG,Single,NIVELGASTRIC  40 CAPS,8436005300548,17.04,31.94,47.910000000000004,Yes
S08,S08_ES,B00XO2BS16,Single,,,,,,Yes
S11,S11_ES,B00DN9L3S8,Single,OSITO SANITO COMILON,8436005301019,9.04,16.94,25.410000000000004,Yes
S12,S12_ES,B00DN9L6ZS,Single,OSITO SANITO DEFENSOR,8436005301040,9.04,16.94,25.410000000000004,Yes
S13,,,Single,OSITO SANITO TRIPITA,8436005301132,8.88,16.64,24.96,No
S14,S14_ES,B08QYMX1BK,Single,OSITO SANITO DORMILON,8436005301163,8.72,16.34,24.509999999999998,Yes
S14,S14_ESR,B00XO2CBLC,Single,OSITO SANITO DORMILON,8436005301163,8.72,16.34,24.509999999999998,Yes
S15,S15_ES,B00XO2C3VA,Single,OSITO SANITO MOCOSETE,8436005301248,8.88,16.64,24.96,Yes
